Blog Title,Blog Image URL,Blog Date,Blog Likes
Year in a Review: Key Digital Media Monetization for Hotels Trends that Shaped 2023,https://rategain.com/blog/key-digital-media-monetization-trends-for-hotels/,"December 20, 2023",2 likes
Google Ads Makes YouTube Reservation Campaigns Easier for Hoteliers,https://rategain.com/blog/youtube-reservation-campaigns-easier-for-hoteliers/,"December 20, 2023",1 like
Google Ads' Shift in Hybrid Multicall Requests and Its Impact on Hotel Marketing,https://rategain.com/blog/google-ads-shift-in-hybrid-multicall-requests/,"December 19, 2023",1 like
Google's AI in Marketing – A Game Changer for Hotels and DMOs,https://rategain.com/blog/googles-ai-in-marketing-for-hotels-and-dmos/,"December 18, 2023",1 like
Channel Management: Optimizing Pricing Across Distribution Channels,https://rategain.com/blog/optimizing-pricing-across-distribution-channels/,"December 18, 2023",0 likes
Google's Vision for Hotel Marketing: PMax and SGE Explained,https://rategain.com/blog/google-on-pmax-sge/,"December 18, 2023",1 like
The Role of Channel Managers in Hotel Revenue Management,https://rategain.com/blog/role-of-channel-managers-in-revenue-management/,"December 15, 2023",0 likes
Google Ads' New Guide for Business Operation Verification and Its Importance for Hoteliers,https://rategain.com/blog/google-ads-business-operation-verification/,"December 14, 2023",1 like
Seasonal Hotel Pricing Strategies to Maximize Profits,https://rategain.com/blog/seasonal-hotel-pricing-strategies/,"December 13, 2023",0 likes
Year in a Review: Key Digital Media Monetization for Hotels Trends that Shaped 2023,https://rategain.com/blog/key-digital-media-monetization-trends-for-hotels/,"December 20, 2023",2 likes
Google Ads Makes YouTube Reservation Campaigns Easier for Hoteliers,https://rategain.com/blog/youtube-reservation-campaigns-easier-for-hoteliers/,"December 20, 2023",1 like
Google Ads' Shift in Hybrid Multicall Requests and Its Impact on Hotel Marketing,https://rategain.com/blog/google-ads-shift-in-hybrid-multicall-requests/,"December 19, 2023",1 like
Google's AI in Marketing – A Game Changer for Hotels and DMOs,https://rategain.com/blog/googles-ai-in-marketing-for-hotels-and-dmos/,"December 18, 2023",1 like
Channel Management: Optimizing Pricing Across Distribution Channels,https://rategain.com/blog/optimizing-pricing-across-distribution-channels/,"December 18, 2023",0 likes
Google's Vision for Hotel Marketing: PMax and SGE Explained,https://rategain.com/blog/google-on-pmax-sge/,"December 18, 2023",1 like
The Role of Channel Managers in Hotel Revenue Management,https://rategain.com/blog/role-of-channel-managers-in-revenue-management/,"December 15, 2023",0 likes
Google Ads' New Guide for Business Operation Verification and Its Importance for Hoteliers,https://rategain.com/blog/google-ads-business-operation-verification/,"December 14, 2023",1 like
Seasonal Hotel Pricing Strategies to Maximize Profits,https://rategain.com/blog/seasonal-hotel-pricing-strategies/,"December 13, 2023",0 likes
Benefits of Integrating a Hotel Booking Engine on Your Website,https://rategain.com/blog/benefits-of-hotel-booking-engine-on-your-website/,"December 12, 2023",0 likes
"What's New on GA4, and What it Means for Hoteliers",https://rategain.com/blog/enhanced-audience-creation-and-new-linked-360-reports-on-ga4/,"December 11, 2023",1 like
"Hoteliers, Alert! Google to Support Programmatic Bidding for Limited Ads from 2024",https://rategain.com/blog/google-to-support-programmatic-bidding-for-limited-ads/,"December 11, 2023",1 like
Holiday Hotel Marketing: 5 Quick Wins for Maximum Bookings,https://rategain.com/blog/holiday-hotel-marketing/,"December 8, 2023",1 like
2023 in Review: Revolutionizing Travel with Metasearch Innovations,https://rategain.com/blog/metasearch-innovations-2023/,"November 30, 2023",3 likes
How to Avoid Overbooking: Channel Manager Best Practices,https://rategain.com/blog/how-to-avoid-overbooking-channel-manager-best-practices/,"November 24, 2023",1 like
Taylor Swift's Spectacular Tour Sparks Unprecedented Hotel Booking Surge in Buenos Aires,https://rategain.com/blog/swiftie-effect-in-buenos-aires/,"November 23, 2023",11 likes
A Complete Guide to Hotel Revenue Management,https://rategain.com/blog/guide-to-hotel-revenue-management/,"November 22, 2023",9 likes
Performance Max Uplift Experiments: A New Era for Hotel Digital Marketing,https://rategain.com/blog/performance-max-uplift-experiments/,"November 22, 2023",0 likes
The Ultimate Guide to Choosing the Right Hotel Booking Engine,https://rategain.com/blog/guide-to-choosing-the-right-hotel-booking-engine/,"November 22, 2023",5 likes
"Maximize Your Hotel’s Exposure with Google AdSense’s New ""Related Search"" Feature in Auto Ads",https://rategain.com/blog/new-related-search-feature-in-auto-ads/,"October 20, 2023",34 likes
Beyond Reach & Frequency: Hotels' New Era with Facebook's 'Reservation' Buying Type,https://rategain.com/blog/facebook-reservation-buying-type/,"October 12, 2023",18 likes
Managing Overbookings and Cancellations with Hotel Booking Engines,https://rategain.com/blog/managing-overbookings-and-cancellations-with-hotel-booking-engines/,"October 5, 2023",13 likes
Global Distribution System (GDS) vs. Channel Manager: Which is Right for Your Hotel,https://rategain.com/blog/gds-vs-channel-manager/,"October 1, 2023",13 likes
Jingle All the Way: Europe Christmas Travel Trends,https://rategain.com/blog/europe-christmas-travel-trends/,"September 28, 2023",8 likes
Why Bing Hotel Ads Should Be in Your Marketing Mix,https://rategain.com/blog/bing-hotel-ads/,"September 28, 2023",9 likes
Unraveling the Alchemy: Year-End Travel Trends in Singapore,https://rategain.com/blog/year-end-travel-trends-in-singapore/,"September 26, 2023",9 likes
Year-End U.S. Domestic Travel Insights: A Revenue Manager's Guide to Success,https://rategain.com/blog/year-end-us-domestic-travel-insights/,"September 25, 2023",7 likes
Unlocking Top Travel Destinations in Egypt: A Hotelier's Playbook,https://rategain.com/blog/top-travel-destinations-in-egypt/,"September 25, 2023",7 likes
Shaping Success in Egypt's Dynamic Hospitality Landscape: A Roadmap for Hoteliers,https://rategain.com/blog/egypt-hotel-strategies/,"September 22, 2023",7 likes
Checking In to a Greener Future: Renewable Energy in Hotels,https://rategain.com/blog/renewable-energy-in-hotels/,"September 15, 2023",6 likes
Sustaining Communities: The Role of Travel Sellers in Sustainable Tourism,https://rategain.com/blog/role-of-travel-sellers-in-sustainable-tourism/,"September 14, 2023",6 likes
Flowing Towards Sustainability: Water Conservation in Hotels,https://rategain.com/blog/water-conservation-in-hotels/,"September 11, 2023",6 likes
Eco-Friendly Practices in Vacation Rentals: A Win-Win for Guests and the Environment,https://rategain.com/blog/eco-friendly-practices-in-vacation-rentals/,"September 10, 2023",7 likes
Zero-Waste Travel: A Sustainable Path to Explore the World,https://rategain.com/blog/zero-waste-travel/,"September 9, 2023",6 likes
Building a Greener Future: Sustainable Supply Chain Management in Hotels,https://rategain.com/blog/sustainable-supply-chain-management-in-hotels/,"September 8, 2023",5 likes
Airline Sustainability Initiatives: How Airlines are Going Green,https://rategain.com/blog/airline-sustainability-initiatives/,"September 7, 2023",4 likes
Exploring Eco-Tourism: Where Nature Meets Responsible Travel,https://rategain.com/blog/eco-tourism/,"September 6, 2023",6 likes
Measuring and Reporting Sustainability Impact: Metrics for Hotels and Travel Sellers,https://rategain.com/blog/sustainability-impact-for-hotels-and-travel-sellers/,"September 6, 2023",4 likes
Reducing Carbon Footprint: Sustainable Practices for Tour Operators,https://rategain.com/blog/sustainable-practices-for-tour-operators/,"September 5, 2023",6 likes
Preserving Paradise: Biodiversity Conservation in Travel,https://rategain.com/blog/biodiversity-conservation-in-travel/,"September 4, 2023",5 likes
"How Green is your Hotel? Do Good and Show it to the World – on Google, for Example",https://rategain.com/blog/how-green-is-your-hotel/,"September 3, 2023",7 likes
The Digital Evolution of UK Hospitality: A Historic Journey From Keys to Clicks,https://rategain.com/blog/evolution-of-uk-hospitality/,"September 1, 2023",7 likes
Driving Green: The Future of Sustainable Car Rentals,https://rategain.com/blog/future-of-sustainable-car-rentals/,"September 1, 2023",6 likes
Taste the Future: Sustainable Food Practices in Hotels and Restaurants,https://rategain.com/blog/sustainable-food-practices-in-hotels-and-restaurants/,"September 1, 2023",6 likes
The Heart of Travel: DMOs and Their Impact on Local Economies,https://rategain.com/blog/impact-of-dmo-on-local-economies/,"September 1, 2023",8 likes
Exploring India's Travel Resurgence: From G20 Summit to Cricket Hype Amidst a High-Demand Festive Season,https://rategain.com/blog/the-world-is-coming-to-india-this-winters/,"August 31, 2023",9 likes
Social Media Meets Google Business Profile: Here's Why You Should Care,https://rategain.com/blog/add-social-media-to-google-business-profile/,"August 21, 2023",5 likes
Connect the Dots: Decoding Common Hotel System Connectivity Challenges,https://rategain.com/blog/hotel-system-connectivity-challenges/,"August 18, 2023",5 likes
GA4's New User Data Export to BigQuery: Your Key to Hyper-Personalized Hotel Marketing,https://rategain.com/blog/ga4-user-data-export-to-big-query-for-hotels/,"August 17, 2023",5 likes
How AI and Machine Learning are Shaping Hotel Search Engines,https://rategain.com/blog/role-of-ai-ml-in-hotel-search-engines/,"August 16, 2023",5 likes
Unpacking Global DE&I Pillars: A Strategy for Inclusivity,https://rategain.com/blog/global-dei-strategy/,"August 16, 2023",5 likes
"The Evolution of Hotel Search Engines: Past, Present, and Future",https://rategain.com/blog/evolution-of-hotel-search-engines/,"August 15, 2023",5 likes
From Green Revolution to Space Exploration: 75 Innovations Propelling India Beyond 75,https://rategain.com/blog/top-innovations-of-independent-india/,"August 14, 2023",6 likes
Going Green: How Hotel Search Engines are Championing the Cause of Sustainable Travel,https://rategain.com/blog/hotel-search-engines-promoting-sustainability/,"August 10, 2023",3 likes
Get Noticed: The Smart Hotelier's Guide to Google's Filtered Search Carousel,https://rategain.com/blog/google-hotel-filtered-search-carousel/,"August 9, 2023",3 likes
Understanding the Mechanics of Hotel Search Engines,https://rategain.com/blog/hotel-search-engines/,"August 9, 2023",4 likes
Hospitality in the Digital Age: Software Breakthroughs and What's Next,https://rategain.com/blog/hospitality-softwares/,"August 8, 2023",5 likes
Gaining a Competitive Edge at Every Stage of the Traveler Journey,https://rategain.com/blog/gaining-a-competitive-edge-at-every-stage-of-the-traveler-journey/,"August 4, 2023",5 likes
Elevate Your Hotel's Performance with Revenue Management Analytics,https://rategain.com/blog/hotel-revenue-management-analytics/,"August 4, 2023",5 likes
How Hotels Can Stay Ahead in the Dynamic Hospitality Industry,https://rategain.com/blog/stay-competitive-in-hospitality-industry/,"August 4, 2023",6 likes
What is Hospitality Management? Why is it Important?,https://rategain.com/blog/hospitality-management/,"August 1, 2023",5 likes
Has 'The Swiftie Fever' Opened New Travel Avenues In the U.S.,https://rategain.com/blog/pop-icons-driving-travel-demand/,"August 1, 2023",5 likes
How to Make Technology Partnerships Successful for Hotels,https://rategain.com/blog/technology-partnerships-for-hotels/,"July 21, 2023",7 likes
AI and Machine Learning – Who Will Lead the Change and What Will it Look Like?,https://rategain.com/blog/ai-and-ml-in-travel-industry/,"July 20, 2023",7 likes
Large Hotel Chains Can Move Fast Too: 10 Ideas To Implement Today,https://rategain.com/blog/ideas-for-large-hotel-chains-for-success/,"July 18, 2023",5 likes
The Basics of Distribution for Hotel Chains,https://rategain.com/blog/basics-of-distribution-for-hotel-chains/,"July 18, 2023",5 likes
Supercharging Hotel Bookings: The Game-Changing Benefits of Metasearch Marketing,https://rategain.com/blog/benefits-of-metasearch-marketing/,"July 18, 2023",5 likes
The Tech-Stack Needed by OTAs to Scale Your BI Capabilities,https://rategain.com/blog/tech-stack-needed-by-otas/,"July 17, 2023",5 likes
The Future of Rate Parity in the Hospitality Industry,https://rategain.com/blog/future-of-rate-parity-in-the-hospitality-industry/,"July 17, 2023",6 likes
How Hotel Pricing is Going to Change in the Age of AI,https://rategain.com/blog/hotel-pricing-ai/,"July 12, 2023",5 likes
Leveraging Instagram Threads for the Travel and Hospitality Industry,https://rategain.com/blog/instagram-threads-for-travel-and-hospitality-and-travel-industry/,"July 10, 2023",5 likes
Calling All Hoteliers: Unleash the Power of GA4 for Optimal Performance,https://rategain.com/blog/ga4-for-hoteliers/,"July 7, 2023",7 likes
Green Gold: Sustainable Hotels Shaping Profitable and Responsible Hospitality,https://rategain.com/blog/sustainable-hotels/,"July 3, 2023",7 likes
Managing Hotel Cancellations: Strategies to Optimize Revenue and Guest Satisfaction,https://rategain.com/blog/managing-hotel-cancellations/,"June 28, 2023",4 likes
Big Data: The Game Changer in Hospitality Industry,https://rategain.com/blog/big-data-in-hospitality-industry/,"June 27, 2023",6 likes
Unveiling the Hotel Challenges: Navigating Obstacles in the Dynamic Hospitality Landscape,https://rategain.com/blog/hotel-challenges/,"June 26, 2023",6 likes
Distribution Challenges for Hotels in Latin America,https://rategain.com/blog/distribution-challenges-for-hotels-in-latin-america/,"June 23, 2023",5 likes
Navigating Hotel Distribution Challenges with Technology and Strategy,https://rategain.com/blog/solving-hotel-distribution-challenges-with-technology-and-strategy/,"June 22, 2023",7 likes
What Does Digital Foundation in Hospitality Look Like,https://rategain.com/blog/digital-foundation-in-hospitality/,"June 20, 2023",6 likes
Effective Hotel Pricing Strategies To Maximize Revenue During Low Demand Periods,https://rategain.com/blog/effective-hotel-pricing-strategies-during-low-demand-periods/,"June 13, 2023",6 likes
The Power of Allyship: Building Bridges of Support and Inclusion,https://rategain.com/blog/the-power-of-allyship/,"June 12, 2023",6 likes
Mastering Success: Hotel Revenue Management Strategies for Optimal Growth,https://rategain.com/blog/effective-hotel-revenue-management-strategies/,"June 11, 2023",5 likes
Solving the Challenge of Overbooking in Hotels: Strategies for Seamless Guest Experience,https://rategain.com/blog/solving-the-challenge-of-overbooking-in-hotels/,"June 10, 2023",6 likes
Navigating the Highs and Lows: Managing Hotel Demand During Special Events,https://rategain.com/blog/managing-hotel-demand-during-special-events/,"June 9, 2023",6 likes
The Impact of Weather on Hotel Demand: Leveraging Insights for Success,https://rategain.com/blog/the-impact-of-weather-on-hotel-demand/,"June 9, 2023",6 likes
Inside Google Marketing Live 2023: AI-Powered Innovations & What They Mean for the Hotel Industry,https://rategain.com/blog/google-marketing-live-ai-powered-innovations-for-the-hotel-industry/,"June 8, 2023",6 likes
Hotel Loyalty Programs: Building Customer Loyalty and Maximizing Rewards,https://rategain.com/blog/hotel-loyalty-programs/,"June 8, 2023",6 likes
The Impact of Seasonality on Hotel Revenue: Understanding the Highs and Lows,https://rategain.com/blog/the-impact-of-seasonality-on-hotel-revenue/,"June 8, 2023",7 likes
Walking the Tight Rope: High Hotel ADR and Low Distribution Cost,https://rategain.com/blog/walking-the-tight-rope-high-adr-and-low-distribution-cost/,"June 7, 2023",7 likes
The Role of Central Reservation Systems in Efficient Hotel Inventory Distribution,https://rategain.com/blog/managing-hotel-inventory-distribution-through-crs/,"June 7, 2023",7 likes
The History of Pride Month: Celebrating Love and Equality,https://rategain.com/blog/the-history-of-pride-month/,"June 5, 2023",5 likes
A Comprehensive Guide to Cloud Computing for Hotels: Transforming the Hospitality Industry,https://rategain.com/blog/cloud-computing-for-hotels/,"June 5, 2023",5 likes
Unlock the Power of a Hotel Central Reservation System,https://rategain.com/blog/hotel-central-reservation-system/,"June 1, 2023",6 likes
Data and Analytics Can Help You Distribute Your Hotel Inventory Effectively & Run Hotel Profitably,https://rategain.com/blog/data-analytics-distribute-hotel-inventory-profitably/,"May 26, 2023",5 likes
Data-Driven Excellence: Maximizing Performance with Hotel Data Analytics,https://rategain.com/blog/hotel-data-analytics/,"May 26, 2023",7 likes
Driving Higher Hotel Occupancy Rates: Implementing Effective Strategies,https://rategain.com/blog/driving-higher-hotel-occupancy-rates/,"May 25, 2023",7 likes
The Complete Guide to Hotel Digital Marketing: Boost Your Online Presence and Drive Bookings,https://rategain.com/blog/the-complete-guide-to-hotel-digital-marketing/,"May 24, 2023",7 likes
What is a Global Distribution System (GDS)? How does it Benefit Your Hotel?,https://rategain.com/blog/global-distribution-system/,"May 23, 2023",8 likes
Unleashing the Power of Hotel Technology: The Game Changer in Tech-Savvy Hospitality,https://rategain.com/blog/power-of-hotel-technology/,"May 23, 2023",5 likes
Unlocking Profitability: An Introduction to Hotel Revenue Management,https://rategain.com/blog/introduction-to-hotel-revenue-management/,"May 23, 2023",4 likes
Why Should All Destinations Have a Destination Marketing Organization (DMO)?,https://rategain.com/blog/why-should-destinations-have-a-destination-marketing-organization/,"May 22, 2023",2 likes
"Destination Marketing Organization: Its Roles, Importance, and Benefits in the Hospitality Industry",https://rategain.com/blog/destination-marketing-guide/,"May 22, 2023",2 likes
"Difference Between a Hotel PMS, Channel Manager, OTAs, and Booking Engine",https://rategain.com/blog/difference-between-a-hotel-pms-channel-manager-otas-and-booking-engine/,"May 22, 2023",5 likes
The Complete Guide to Distribution Channels in the Hotel Industry,https://rategain.com/blog/hotel-distribution-channels-guide/,"May 21, 2023",3 likes
Unlocking New Revenue Streams: A Guide to Effective Channel Management for Hospitality Businesses,https://rategain.com/blog/unlocking-new-revenue-streams-a-guide-to-effective-channel-management-for-hospitality-businesses/,"May 21, 2023",3 likes
Unveiling the Magic of Metasearch Engines: A Game Changer for Online Businesses,https://rategain.com/blog/unveiling-the-magic-of-metasearch-engines/,"May 21, 2023",2 likes
Where does Content Fit in the Evolution of Hotel Distribution?,https://rategain.com/blog/content-management-for-hotel-distribution/,"May 20, 2023",3 likes
Boost Your Hotel's Online Presence with a Hotel Content Management System,https://rategain.com/blog/hotel-content-management-system-for-increased-online-presence/,"May 19, 2023",2 likes
Streamline Your Hotel Pricing Strategy with Advanced Rate Shopping Software,https://rategain.com/blog/streamlining-hotel-pricing-with-rate-shopping-software/,"May 18, 2023",2 likes
Dynamic Pricing Strategy in Hotels for Hospitality Industry,https://rategain.com/blog/what-dynamic-pricing-can-do-to-your-hotel-revenue/,"May 18, 2023",10 likes
Hotel Pricing Strategy: Maximizing Revenue Through Effective Pricing Techniques,https://rategain.com/blog/hotel-pricing-strategy-to-maximize-revenue/,"May 18, 2023",5 likes
How To Use Google Hotel Ads: A Complete Guide,https://rategain.com/blog/google-hotel-ads-guide/,"May 18, 2023",5 likes
Boost Your Hotel Revenue with Efficient Hotel Inventory Management,https://rategain.com/blog/boost-hotel-revenue-inventory-availability-management/,"May 16, 2023",6 likes
Cracking the Code: How to Benefit from Hotel Wholesalers,https://rategain.com/blog/how-to-benefit-from-hotel-wholesalers/,"May 16, 2023",5 likes
8 Easy Tips for Hotel Revenue Managers to Cope With Rate Parity Issues,https://rategain.com/blog/tips-hotel-manage-rate-parity-issue/,"May 15, 2023",6 likes
What is Hotel Rate Parity? Why is it Important in the Hotel Industry?,https://rategain.com/blog/what-is-hotel-rate-parity/,"May 15, 2023",5 likes
18 Factors to Consider before Investing in Channel Manager for Your Hotel,https://rategain.com/blog/18-factors-to-consider-before-investing-in-channel-manager-for-your-hotel/,"May 14, 2023",4 likes
Crucial Hotel Sales Strategies to Boost Occupancy and Revenue,https://rategain.com/blog/hotel-sales-strategies/,"May 14, 2023",4 likes
What is a Hotel Channel Manager? How Do You Choose the Perfect One?,https://rategain.com/blog/what-is-a-hotel-channel-manager/,"May 14, 2023",5 likes
How Can Content Solve The Expectation Gap for Hotels?,https://rategain.com/blog/how-content-can-solve-the-expectation-gap-for-hotels/,"May 13, 2023",5 likes
Changing Markets Post-Pandemic: Guest Behaviors Changing Booking Inspiration,https://rategain.com/blog/guest-behaviors-changing-booking-inspiration/,"May 11, 2023",4 likes
What is Hotel Occupancy Rate? How to Calculate it?,https://rategain.com/blog/hotel-occupancy-rate/,"May 6, 2023",7 likes
Is RevPAR the Best Metric to Measure Profitability?,https://rategain.com/blog/is-revpar-the-best-metric-to-measure-profitability/,"May 5, 2023",4 likes
Why Should Hotels Update Content On OTAs Frequently?,https://rategain.com/blog/why-are-frequent-content-updates-important/,"May 5, 2023",5 likes
Why Metasearch is critical for your Direct Bookings Strategy,https://rategain.com/blog/why-metasearch-is-critical-for-your-direct-bookings-strategy/,"May 4, 2023",4 likes
Why Content on OTAs is Critical for Improving Conversion Rates,https://rategain.com/blog/why-content-on-otas-is-critical-for-improving-conversion-rates/,"May 3, 2023",4 likes
How do Hotels Distribute Inventory to Drive Bookings,https://rategain.com/blog/how-hotels-distribute-inventory-to-drive-bookings/,"May 3, 2023",4 likes
What is RevPAR ? Why does it Matter?,https://rategain.com/blog/what-is-revpar-why-does-it-matter/,"May 1, 2023",4 likes
A Complete Guide to Hotel Marketing Strategy for 2023,https://rategain.com/blog/hotel-marketing-strategy-for-2023/,"April 30, 2023",3 likes
Latin America’s Hospitality Industry is Ready to Take the AI Leap into the Future,https://rategain.com/blog/future-of-hospitality-in-latin-america/,"April 27, 2023",4 likes
Sustainability: The Conversation We Need To Have With ChatGPT Today,https://rategain.com/blog/sustainable-travel/,"April 27, 2023",4 likes
Here's Why You Should Care About Hotel Content Management & Distribution,https://rategain.com/blog/heres-why-you-should-care-about-hotel-content-management-distribution/,"April 22, 2023",7 likes
Why Ease of Use is the Core of any Booking Engine?,https://rategain.com/blog/why-ease-of-use-is-the-core-of-any-booking-engine/,"April 15, 2023",7 likes
Why is Security Critical for a Booking Engine?,https://rategain.com/blog/why-is-security-critical-for-a-booking-engine/,"April 14, 2023",7 likes
Thank You Booking.com For Showing Us The Future,https://rategain.com/blog/thank-you-booking-com-for-showing-us-the-future/,"April 13, 2023",4 likes
How to Evaluate a Booking Engine?,https://rategain.com/blog/how-to-evaluate-a-booking-engine/,"April 13, 2023",7 likes
All You Need to Know About a Hotel Booking Engine,https://rategain.com/blog/hotel-booking-engine/,"April 12, 2023",3 likes
Revolutionizing Guest Experiences and Revenue Management with AI,https://rategain.com/blog/revolutionizing-guest-experiences-and-revenue-management-with-ai/,"April 6, 2023",9 likes
What is Direct Booking?,https://rategain.com/blog/what-is-a-direct-booking/,"April 5, 2023",9 likes
The Relevance of Content for Hotels,https://rategain.com/blog/relevance-of-hotel-content/,"April 1, 2023",4 likes
Leading the Way: Top 8 Hospitality Technology Trends to Watch in 2023,https://rategain.com/blog/leading-the-way-top-8-hospitality-technology-trends-to-watch-in-2023/,"March 21, 2023",6 likes
A Complete Guide to Hotel Connectivity & Distribution,https://rategain.com/blog/what-is-hotel-connectivity-distribution-complete-guide/,"March 21, 2023",3 likes
Revolutionizing the Hospitality Industry: The Role of Advanced Channel Managers in Driving Hotel Business Growth,https://rategain.com/blog/revolutionizing-the-hospitality-industry-the-role-of-advanced-channel-managers-in-driving-hotel-business-growth/,"March 16, 2023",4 likes
What are Hotel Industry Statistics?,https://rategain.com/blog/what-are-hotel-industry-statistics/,"March 6, 2023",4 likes
The Data Goldmine: The 3 Step Process to Unlocking the Power of Guest Data,https://rategain.com/blog/the-data-goldmine-the-3-step-process-to-unlocking-the-power-of-guest-data/,"February 15, 2023",4 likes
How To Use Guest Messaging To Improve Revenue,https://rategain.com/blog/how-to-use-guest-messaging-to-improve-revenue/,"January 31, 2023",4 likes
Spin Around the Challenges of an Economic Downturn with AI-Enabled Solutions,https://rategain.com/blog/spin-around-the-challenges-of-an-economic-downturn-with-ai-enabled-solutions/,"January 30, 2023",3 likes
What is a Hotel Property Management System (PMS)?,https://rategain.com/blog/hotel-property-management-system/,"January 23, 2023",4 likes
Unlocking A New Level Of Luxury For Dubai: The Rising Need For Technology,https://rategain.com/blog/unlocking-a-new-level-of-luxury-for-dubai/,"January 20, 2023",3 likes
Troubleshooting Guest Engagement: Is the Answer in the Palm of your Hands? ,https://rategain.com/blog/troubleshooting-guest-engagement/,"January 6, 2023",5 likes
No Shortage of Guest Engagement Despite Labour Shortage in the UK: Why Technology is the Answer,https://rategain.com/blog/solving-labor-shortage-with-technology-for-guest-engagement/,"December 23, 2022",4 likes
Journey to better guest satisfaction: Why digitisation is the shortcut you need,https://rategain.com/blog/journey-to-better-guest-satisfaction-why-digitisation-is-the-shortcut-you-need/,"December 16, 2022",3 likes
7 Tips for A Booking-friendly Hotel Website,https://rategain.com/blog/tips-for-a-booking-friendly-hotel-website/,"December 12, 2022",3 likes
The Problem In Paradise: What The Hotels Of Maldives Need To Know,https://rategain.com/blog/what-the-hotels-of-maldives-need-to-know/,"December 6, 2022",3 likes
The Good Side Of AI: Read Between The Lines To Understand Your Guests’ Feelings,https://rategain.com/blog/ai-to-understand-guest-feelings/,"November 11, 2022",2 likes
Preparing for the Future of Air Travel Demand,https://rategain.com/blog/preparing-for-the-future-of-air-travel-demand/,"November 4, 2022",1 like
Digital Hospitality: No Longer An Oxymoron,https://rategain.com/blog/digital-hospitality-no-longer-an-oxymoron/,"November 3, 2022",1 like
Peak Experience For The Peak Season,https://rategain.com/blog/peak-experience-for-the-peak-season/,"October 27, 2022",2 likes
Forward-looking Insights on Travel Demand: Top Trending Cities in Asia (Oct – Dec 2022),https://rategain.com/blog/travel-demand-data-report-asia-oct-2022/,"October 24, 2022",2 likes
Guest Dissatisfaction: De-mystified,https://rategain.com/blog/guest-dissatisfaction-de-mystified/,"October 19, 2022",2 likes
Beyond Just Emojis: Leveraging WhatsApp To Improve Guest Experience,https://rategain.com/blog/beyond-just-emojis-leveraging-whatsapp-to-improve-guest-experience/,"October 11, 2022",2 likes
Experiences Above All:  The Long and Short of Guest Experiences,https://rategain.com/blog/experiences-above-all-the-long-and-short-of-guest-experiences/,"October 6, 2022",1 like
Humans Of RateGain: Q&A With Mark Haywood,https://rategain.com/blog/humans-of-rategain-mark-haywood/,"October 4, 2022",1 like
India’s Festive Season Travel Outlook,https://rategain.com/blog/indias-festive-season-travel-outlook/,"October 3, 2022",2 likes
Productivity For The Front Desk: What Has Changed,https://rategain.com/blog/productivity-for-the-front-desk-what-has-changed/,"September 27, 2022",3 likes
How Can Scoring Content Help Hotels Drive More Bookings,https://rategain.com/blog/how-can-scoring-content-help-hotels-drive-more-bookings/,"September 20, 2022",3 likes
New Data Sources To Help Commercial Teams Make Better Decisions,https://rategain.com/blog/new-data-sources-to-help-commercial-teams-make-better-decisions/,"September 20, 2022",3 likes
Hotel Online Bookings Can Be More Profitable,https://rategain.com/blog/hotel-online-bookings-can-be-more-profitable/,"September 20, 2022",3 likes
Bridging Silos in Commercial Teams Post Pandemic,https://rategain.com/blog/bridging-silos-in-commercial-teams-post-pandemic/,"August 25, 2022",7 likes
Data Transparency: The New Way to Collaborate in Commercial Teams,https://rategain.com/blog/data-transparency-the-new-way-to-collaborate-in-commercial-teams/,"August 25, 2022",7 likes
Are Middle East Hoteliers Ready for the Next Big Shift?,https://rategain.com/blog/are-middle-east-hoteliers-ready-for-the-next-big-shift/,"July 18, 2022",5 likes
Artificial Intelligence in the Hospitality Industry : The Future,https://rategain.com/blog/artificial-intelligence-future-of-hospitality-industry/,"July 13, 2022",6 likes
What is Engage-AI? What are the benefits of using Engage-AI?,https://rategain.com/blog/all-about-engage-ai/,"July 7, 2022",7 likes
Enjoy Greater Conversions by Offering Mobile Rates to your Prospective Customers,https://rategain.com/blog/enjoy-greater-conversions-by-offering-mobile-rates-to-your-prospective-customers/,"June 30, 2022",7 likes
Improving Business by Offering Country Rates to Prospective Customers,https://rategain.com/blog/improving-business-by-offering-country-rates-to-prospective-customers/,"June 21, 2022",6 likes
The Role of Metasearch in Pandemic Recovery,https://rategain.com/blog/the-role-of-metasearch-in-pandemic-recovery/,"May 31, 2022",6 likes
Why Forward-looking Demand Intelligence is all the More Important for a Destination and it's DMO Today?,https://rategain.com/blog/dmo-destination-marketing-intelligence-strategy/,"March 31, 2022",5 likes
How to Become a Genius and Drive-up Hotel Visibility and Occupancy Rates!,https://rategain.com/blog/how-to-become-a-genius-and-drive-up-hotel-visibility-and-occupancy-rates/,"March 10, 2022",5 likes
Airline Traveler Forecast: Can it help in anticipating demand better?,https://rategain.com/blog/airline-traveller-demand-forecast/,"March 9, 2022",6 likes
How can User Experience Help Revenue Managers? Ask AirGain,https://rategain.com/blog/how-can-user-experience-help-revenue-managers/,"January 13, 2022",3 likes
The Travel Manifesto for 2022,https://rategain.com/blog/the-travel-manifesto-for-2022/,"December 24, 2021",9 likes
Marketing Technology in a Data-Driven Era,https://rategain.com/blog/marketing-technology-in-a-data-driven-era/,"October 22, 2021",8 likes
Usability and Accessibility – How they are making AirGain smarter for you!,https://rategain.com/blog/usability-and-accessibility-how-they-are-making-airgain-smarter-for-you/,"October 5, 2021",10 likes
Building a Culture of Empowerment,https://rategain.com/blog/building-a-culture-of-empowerment/,"October 4, 2021",8 likes
Is The Future Of Forecasting Clear For Revenue Managers?,https://rategain.com/blog/is-the-future-of-forecasting-clear-for-revenue-managers/,"September 29, 2021",10 likes
Upcoming Launch: The New Room – Rate Management API will Help Distribution Teams Directly and Quickly Create/Retrieve a Multitude of Room Rate Types from RezGain,https://rategain.com/blog/directly-manage-rooms-and-rates-from-rategains-channel-manager-ui-to-booking-com/,"September 28, 2021",5 likes
How Revenue Managers Can Be Future Ready For The Next Crisis,https://rategain.com/blog/how-revenue-managers-can-be-future-ready-for-the-next-crisis/,"September 23, 2021",9 likes
How Can New Airlines Thrive the Post- Covid World,https://rategain.com/blog/how-can-new-airlines-thrive-the-post-covid-world/,"September 3, 2021",4 likes
Making Your Hotel Channel Manager Adapt to Your Day,https://rategain.com/blog/making-your-hotel-channel-manager-adapt-to-your-day/,"September 1, 2021",4 likes
CarGain Canvas: Analytics that give you 360 degree control over your market,https://rategain.com/blog/cargain-canvas-analytics-that-give-you-360-degree-control-over-your-market/,"September 1, 2021",3 likes
What Signals is the Summer of 2021 Giving Car Rentals?,https://rategain.com/blog/what-signals-is-the-summer-of-2021-giving-car-rentals/,"July 8, 2021",4 likes
WHAT ARE YOUR PRONOUNS?,https://rategain.com/blog/what-are-your-pronouns/,"June 25, 2021",9 likes
Bringing More Speed and Agility to Airline Pricing for the Post-COVID Revenue Manager,https://rategain.com/blog/bringing-more-speed-and-agility-to-airline-pricing-for-the-post-covid-revenue-manager/,"June 15, 2021",5 likes
The Current State of Airline Pricing post-Covid,https://rategain.com/blog/the-current-state-of-airline-pricing-post-covid/,"May 3, 2021",5 likes
How can hoteliers get 2021 right with a solid pricing strategy as volatility in recovery persists,https://rategain.com/blog/how-can-hoteliers-get-2021-right-with-a-solid-pricing-strategy-as-volatility-in-recovery-persists/,"May 3, 2021",5 likes
Why We Must Tell a Visual Data Story,https://rategain.com/blog/why-we-must-tell-a-visual-data-story/,"April 30, 2021",5 likes
Airlines Revenue Management Checklist for 2021,https://rategain.com/blog/airlines-revenue-management-checklist-for-2021/,"April 29, 2021",5 likes
"Cap on Wedding Guests Might Pinch, But It's a Necessary Evil",https://rategain.com/blog/cap-on-wedding-guests-might-pinch-but-its-a-necessary-evil/,"December 25, 2020",3 likes
"We have been Profitable Since Inception: Yogeesh Chandra- Global Head of Corporate Development, RateGain",https://rategain.com/blog/we-have-been-profitable-since-inception-yogeesh-chandra-global-head-of-corporate-development-rategain/,"December 22, 2020",3 likes
Some Employees are Getting a New Job…At Their Old Job,https://rategain.com/blog/some-employees-are-getting-a-new-jobat-their-old-job/,"December 21, 2020",5 likes
Visioning The Post-COVID Era In Revenue Management,https://rategain.com/blog/visioning-the-post-covid-era-in-revenue-management/,"December 21, 2020",5 likes
50% Rise in Bookings Not Enough for India to Catch Up With Global Recovery,https://rategain.com/blog/50-rise-in-bookings-not-enough-for-india-to-catch-up-with-global-recovery/,"December 21, 2020",5 likes
Tech Skills That can Rebuild the Travel Industry,https://rategain.com/blog/tech-skills-that-can-rebuild-the-travel-industry/,"December 20, 2020",5 likes
After China can 'Revenge Travel' Happen in India?,https://rategain.com/blog/after-china-can-revenge-travel-happen-in-india/,"December 18, 2020",4 likes
Travel & Hospitality Sector Will Take 12-15 Months To Cross Pre-covid Level Hiring Figures: Industry Leaders,https://rategain.com/blog/travel-hospitality-sector-will-take-12-15-months-to-cross-pre-covid-level-hiring-figures-industry-leaders/,"December 16, 2020",4 likes
What Hotels Need to Know About the Staycation Boom,https://rategain.com/blog/what-hotels-need-to-know-about-the-staycation-boom/,"December 16, 2020",4 likes
Here’s How Hoteliers Can Attract New Travelers in the Post-COVID Era,https://rategain.com/blog/heres-how-hoteliers-can-attract-new-travelers-in-the-post-covid-era/,"December 16, 2020",5 likes
How Airline Revenue Management and Pricing Teams Respond to Revenue Volatility?,https://rategain.com/blog/how-airline-revenue-management-and-pricing-teams-respond-to-revenue-volatility/,"December 15, 2020",5 likes
Revenue Volatility in Airlines is Here to Stay: What can Revenue & Pricing Teams do About it?,https://rategain.com/blog/revenue-volatility-in-airlines-is-here-to-stay-what-can-revenue-pricing-teams-do-about-it/,"December 15, 2020",5 likes
These New Car Rental Subscription Programs Will Get You There,https://rategain.com/blog/these-new-car-rental-subscription-programs-will-get-you-there/,"December 15, 2020",5 likes
"Pardon me, your politics are showing",https://rategain.com/blog/pardon-me-your-politics-are-showing/,"December 12, 2020",4 likes
"New Deal Europe Weekly Update on Tourism to the Balkan Region, Week 24",https://rategain.com/blog/new-deal-europe-weekly-update-on-tourism-to-the-balkan-region-week-24/,"December 12, 2020",4 likes
See the Green Shoots of Recovery with Smart Distribution’s latest addition “Future Demand”,https://rategain.com/blog/see-the-green-shoots-of-recovery-with-smart-distributions-latest-addition-future-demand/,"October 21, 2020",5 likes
Seven Tactics to Keep your Hotel's Distribution Healthy and Highly Profitable,https://rategain.com/blog/seven-tactics-to-keep-your-hotels-distribution-healthy-and-highly-profitable/,"October 7, 2020",8 likes
Bespoke Strategies for Opening the Doors to the European Market,https://rategain.com/blog/bespoke-strategies-for-opening-the-doors-to-the-european-market/,"August 25, 2020",7 likes
A New Era of Exploration is Coming to Hoteliers. Stay Tuned!,https://rategain.com/blog/a-new-era-of-exploration-is-coming-to-hoteliers-stay-tuned/,"August 20, 2020",4 likes
Perspectives with Saurabh Prakash: How Hotels Can Get Digital Right for Recovery,https://rategain.com/blog/perspectives-with-saurabh-prakash-how-hotels-can-get-digital-right-for-recovery/,"August 14, 2020",4 likes
Perspectives with Debojo: How Survival Became A Success Metric at SpiceJet,https://rategain.com/blog/perspectives-with-debojo-how-survival-became-a-success-metric-at-spicejet/,"July 22, 2020",6 likes
Strategies for Hoteliers to Get Back to Business for UK Market,https://rategain.com/blog/strategies-for-hoteliers-to-get-back-to-business-for-uk-market/,"July 20, 2020",6 likes
Strategies for Hoteliers to Get Back to Business for Europe Market,https://rategain.com/blog/strategies-for-hoteliers-to-get-back-to-business-for-europe-market/,"July 20, 2020",9 likes
"Perspectives #8 with Ajay Bakaya, Managing Director, Sarovar Hotels and Resorts",https://rategain.com/blog/perspectives-8-with-ajay-bakaya-managing-director-sarovar-hotels-and-resorts/,"July 14, 2020",4 likes
Re-Taking The Skies : What Can Commercial Teams Do To Gear Up For A Full Return Of Airline Travel In The New Normal,https://rategain.com/blog/re-taking-the-skies-what-can-commercial-teams-do-to-gear-up-for-a-full-return-of-airline-travel-in-the-new-normal/,"June 30, 2020",3 likes
React to Competitive Prices in Real Time with RateGain’s OPTIMA MarketDrone,https://rategain.com/blog/react-to-competitive-prices-in-real-time-with-rategains-optima-marketdrone/,"June 15, 2020",4 likes
Watch Your Language! Content in the New Hospitality Landscape,https://rategain.com/blog/watch-your-language-content-in-the-new-hospitality-landscape/,"June 2, 2020",4 likes
Keeping Lights on During the Current COVID Crisis!,https://rategain.com/blog/keeping-lights-on-during-the-current-covid-crisis/,"May 5, 2020",4 likes
"Hoteliers, Spot New Markets to Create New Revenues in a Post-COVID 19 World",https://rategain.com/blog/hoteliers-spot-new-markets-to-create-new-revenues-in-a-post-covid-19-world/,"April 23, 2020",11 likes
Social Media During COVID-19: Tourism Brands That Got It Right,https://rategain.com/blog/social-media-during-covid-19-tourism-brands-that-got-it-right/,"April 21, 2020",8 likes
We Are Bracing Ourselves: Are You?,https://rategain.com/blog/have-we-braced-ourselves/,"March 20, 2020",12 likes
How to Capture Rate Integrity Issues in the Most Simplified Way,https://rategain.com/blog/how-to-capture-rate-integrity-issues-in-the-most-simplified-way/,"March 11, 2020",10 likes
Top 3 Rate Disparity Cases Acceptable to a Revenue Manager,https://rategain.com/blog/top-3-rate-disparity-cases-acceptable-to-a-revenue-manager/,"March 4, 2020",13 likes
Rate Integrity: A Brand New Way of Increasing Direct Bookings,https://rategain.com/blog/rate-integrity-a-brand-new-way-of-increasing-direct-bookings/,"February 27, 2020",8 likes
Why Choose Rate Intelligence Over Rate Shopping?,https://rategain.com/blog/why-choose-rate-intelligence-over-rate-shopping/,"February 19, 2020",11 likes
Why a Rate Intelligence Experience Should Have the Best Art & Science Behind it,https://rategain.com/blog/why-a-rate-intelligence-experience-should-have-the-best-art-science-behind-it/,"February 5, 2020",11 likes
Our Point of View on the Modern Age Distribution Ecosystem,https://rategain.com/blog/our-point-of-view-on-the-modern-age-distribution-ecosystem/,"January 31, 2020",6 likes
Are You Leading A Future-Ready HR?,https://rategain.com/blog/are-you-leading-a-future-ready-hr/,"January 29, 2020",7 likes
5 Ways to Ace Hospitality Marketing in 2020,https://rategain.com/blog/5-ways-to-ace-hospitality-marketing-in-2020/,"January 20, 2020",5 likes
Why UX is Instrumental for Revenue Management,https://rategain.com/blog/why-ux-is-instrumental-for-revenue-management/,"January 14, 2020",16 likes
Visualizing Data Like a Pro: The Key to Unlock the Data Gold Mine,https://rategain.com/blog/visualizing-data-like-a-pro-the-key-to-unlock-the-data-gold-mine/,"December 17, 2019",13 likes
Smart Shopping for Data: Driving Analytics Excellence in the Airlines Industry,https://rategain.com/blog/smart-shopping-for-data-driving-analytics-excellence-in-the-airlines-industry/,"December 4, 2019",5 likes
"Mr. Hotelier, Four Signs It is Time to Change your Distribution Partner",https://rategain.com/blog/mr-hotelier-four-signs-it-is-time-to-change-your-distribution-partner/,"November 29, 2019",5 likes
Adopting SCRUM in the Organization’s People Processes,https://rategain.com/blog/adopting-scrum-organization-people-processes/,"November 22, 2019",3 likes
How to Deliver Value In The Era Of Hospitality Industry Consolidation?,https://rategain.com/blog/how-to-deliver-value-in-the-era-of-hospitality-industry-consolidation/,"November 19, 2019",4 likes
What will define Long Term Success for Airlines,https://rategain.com/blog/what-will-define-long-term-success-for-airlines/,"November 11, 2019",8 likes
Challenges for Airline Revenue Managers Beyond 2020,https://rategain.com/blog/challenges-for-airline-revenue-managers-beyond-2020/,"October 23, 2019",9 likes
Navigating Constant Consolidation,https://rategain.com/blog/navigating-constant-consolidation/,"October 21, 2019",8 likes
Our point of view on Distribution Journey,https://rategain.com/blog/our-point-of-view-on-distribution-journey/,"October 17, 2019",8 likes
Putting User Experience at the center of a new problem,https://rategain.com/blog/putting-user-experience-at-the-center-of-a-new-problem/,"October 15, 2019",10 likes
The Last Distribution Challenge,https://rategain.com/blog/re-configuring-the-distribution-models-for-the-next-gen-distribution-ecosystem/,"October 15, 2019",2 likes
Can Car Rental analytics help make better investment decisions?,https://rategain.com/blog/can-car-rental-analytics-help-make-better-investment-decisions/,"October 4, 2019",8 likes
Top 3 considerations for blueprinting your content transformation,https://rategain.com/blog/top-three-considerations-for-blueprinting-your-content-transformation/,"September 21, 2019",7 likes
The Path to A Shared Future: Can car rentals help in turning around the industry slowdown ?,https://rategain.com/blog/how-to-turn-around-car-industry-slowdown/,"September 11, 2019",7 likes
Delivering Duty of Care in the Age of Corporate Rogue Travel,https://rategain.com/blog/delivering-duty-of-care-in-the-age-of-corporate-rogue-travel/,"August 21, 2019",5 likes
Who is winning the experience game in travel and hospitality?,https://rategain.com/blog/who-is-winning-the-experience-game-in-travel-and-hospitality/,"July 22, 2019",2 likes
Airlines: Soaring on Ancillary Revenue,https://rategain.com/blog/airlines-soaring-on-ancillary-revenue/,"July 18, 2019",5 likes
Transaction Tracking and Analytics: Steering Car Rental,https://rategain.com/blog/transaction-tracking-and-analytics-steering-car-rental/,"June 24, 2019",5 likes
Enhancing Car Rental Revenue Management with AI-driven Dynamic Pricing,https://rategain.com/blog/enhancing-car-rental-revenue-management-with-ai-driven-dynamic-pricing/,"June 24, 2019",5 likes
Busting a billion-dollar digital myth for cruise lines!,https://rategain.com/blog/busting-billion-dollar-digital-myth-cruise-lines/,"February 8, 2019",6 likes
The future of distribution strategy at your doorstep,https://rategain.com/blog/future-distribution-strategy-doorstep/,"September 24, 2018",4 likes
"‘A Thousand Words’: Why Great Visuals Speak Directly, Fluently and Effortlessly",https://rategain.com/blog/importance-picture-reviews-hotel-reputation/,"August 27, 2018",4 likes
New Age Data is Driving Growth for Travel Package Providers,https://rategain.com/blog/new-age-big-data-growth-package-providers/,"August 24, 2018",3 likes
Tackling content issues head-on,https://rategain.com/blog/new-age-big-data-growth-package-providers/,"July 16, 2018",5 likes
7 Top Trends In Hotel Distribution Today,https://rategain.com/blog/7-trends-hotel-distribution/,"July 13, 2018",3 likes
HRS Selects RateGain as its Channel Management Partner for their newest connectivity platform,https://rategain.com/blog/channel-management-channel-management-hrs-selects-rategain-channel-management-partner-new-platform/,"May 4, 2018",3 likes
Code Itineraries: A road map for the travel industry to unlock one trillion dollars in value by 2025,https://rategain.com/blog/code-itineraries-road-map-travel-industry/,"April 11, 2018",3 likes
5 Ways to Improve Your Hotel's Visibility within Search Engines,https://rategain.com/blog/5-ways-improve-hotels-visibility-search-engines/,"April 9, 2018",3 likes
Hitting a home run in automation tools,https://rategain.com/blog/5-ways-improve-hotels-visibility-search-engines/,"April 3, 2018",3 likes
Tapping the world’s no. 1 outbound travel market,https://rategain.com/blog/5-ways-improve-hotels-visibility-search-engines/,"January 22, 2018",3 likes
It's 100% pure adrenaline! Introducing Distribution Strategy Studio,https://rategain.com/blog/pure-adrenaline-distribution-strategy-studio/,"January 11, 2018",3 likes
Your Hotel Reputation Matters to Your Revenue,https://rategain.com/blog/hotel-reputation-matters-revenue/,"December 11, 2017",4 likes
"Hoteliers, Take a Re-look at Parity and Prevent Revenue Leakages",https://rategain.com/blog/hotel-parity-prevent-revenue-leakages/,"November 23, 2017",3 likes
Assessing the boom in travel startups,,"November 21, 2017",4 likes
Building the Perfect Revenue Strategy Is Not Enough; Advanced Hotel Revenue Management Tool is a Must!,https://rategain.com/blog/advanced-hotel-revenue-management-tool/,"November 13, 2017",3 likes
Travel Industry is Already Using Geo-based Competitive Price Tracking; Act Now Before Its Too Late,https://rategain.com/blog/geo-based-competitive-price-tracking-rate-intelligence-tool/,"November 3, 2017",4 likes
We Bet You Will Not Want to Miss The Benefits of a Comprehensive Hotel Price Intelligence Solution!,https://rategain.com/blog/benefits-hotel-price-intelligence-solution/,"October 25, 2017",4 likes
Sharing economy blurring the lines in hospitality,https://rategain.com/blog/benefits-hotel-price-intelligence-solution/,"October 23, 2017",4 likes
Tracking Mobile App Rates of Your Competition is a MUST for Your Price Strategy!,https://rategain.com/blog/track-competitor-mobile-app-rates-hotel/,"October 11, 2017",3 likes
Will Artificial Intelligence Replace Human Intelligence in Revenue Management and Pricing Analysis?,https://rategain.com/blog/artificial-intelligence-replace-human-intelligence-revenue-management-pricing-analyst/,"September 29, 2017",3 likes
It’s time to reexamine the data structure behind hotel distribution,https://rategain.com/blog/artificial-intelligence-replace-human-intelligence-revenue-management-pricing-analyst/,"September 25, 2017",2 likes
7 Fundamental Hotel Marketing Strategies To Stand Out From Your Competition,https://rategain.com/blog/fundamental-hotel-marketing-strategies-stand-out/,"September 21, 2017",4 likes
Design an Effective Hotel Guest Loyalty Program to Increase Hotel Bookings and Revenue,https://rategain.com/blog/effective-hotel-guest-loyalty-program-increase-revenue/,"September 18, 2017",4 likes
Yield Management in Hospitality - Important for Efficient Revenue Management Strategy,https://rategain.com/blog/yield-management-hospitality-revenue-strategy/,"September 14, 2017",3 likes
What Makes Your Guests The Promoters of Your Brand?,https://rategain.com/blog/make-guests-promoters-hotel-brand/,"September 7, 2017",3 likes
Tapping the potential of IoT,https://rategain.com/blog/make-guests-promoters-hotel-brand/,"August 29, 2017",3 likes
The Role and Future of Technology in Travel Industry,https://rategain.com/blog/role-future-technology-travel-industry/,"August 28, 2017",3 likes
New Consumer Review Dashboard For Hotels,https://rategain.com/blog/brandgain-new-consumer-review-dashboard/,"August 21, 2017",3 likes
Measuring Demand in Your City will Skyrocket your Revenue - Here is How!,https://rategain.com/blog/measuring-hotel-demand-city-skyrocket-revenue/,"August 21, 2017",3 likes
7 Best Methods to Gather Quality Guest Feedback,https://rategain.com/blog/methods-gather-hotel-guest-feedback/,"August 16, 2017",2 likes
"The Brilliant Hotelier: Face To Face With Panayiotis Kyprianou From Thanos Resorts & Spas, Cyprus",https://rategain.com/blog/brilliant-hotelier-thanos-resorts-spas-cyprus/,"August 14, 2017",4 likes
Monitoring Hundreds of Booking Sites - No Longer a Challenging Task for Hoteliers,,"August 10, 2017",3 likes
"Hotels, Utilize Closed User Group (CUG) Customers to Increase Revenue Through Direct Bookings",https://rategain.com/blog/utilize-closed-user-group-customers-increase-revenue-direct-bookings/,"August 8, 2017",4 likes
Create a Revenue Centric Culture in your Hotel by Integrating Technology,https://rategain.com/blog/revenue-centric-culture-integrated-hotel-technology/,"August 2, 2017",4 likes
"Despite the best efforts of hotel brands, travelers still love to click around",https://rategain.com/blog/revenue-centric-culture-integrated-hotel-technology/,"August 1, 2017",4 likes
"Hoteliers, Are You Using Mobile to Support Your Online Reputation Management?",https://rategain.com/blog/mobile-support-hotel-online-reputation-management-strategy/,"July 31, 2017",4 likes
7 Practical tips to improve online reviews of your hotel,https://rategain.com/blog/tips-improve-online-reviews-hotel/,"July 25, 2017",4 likes
14 Features to Consider Before Your Hotel Decides to Devote In a Channel Manager,https://rategain.com/blog/features-consider-choosing-hotel-channel-manager/,"July 24, 2017",4 likes
Managing Hotel Guest Sentiment and Online Presence to Create Revenue Centric Culture,https://rategain.com/blog/managing-hotel-guest-sentiment-online-presence-revenue-centric-culture/,"July 19, 2017",4 likes
"Hoteliers, You Need a Channel Manager with an Edge to Stand out from Competition",https://rategain.com/blog/right-hotel-channel-manager-stand-out-competitive-edge/,"July 18, 2017",3 likes
Blockchain and its potential to upend the travel industry,,"July 17, 2017",3 likes
"Hoteliers, Learn How to Create A Revenue Centric Culture in Your Hotel",https://rategain.com/blog/create-hotel-revenue-centric-culture/,"July 10, 2017",4 likes
"Hoteliers, Learn About The Growing Importance of Hotel Online Reputation Management",https://rategain.com/blog/growing-importance-hotel-online-reputation-management/,"July 4, 2017",4 likes
How to Make Restaurant’s Online Reputation a Secret Sauce in Enhancing your Hotel Brand?,https://rategain.com/blog/restaurant-online-reputation-enhance-hotel-brand/,"June 28, 2017",4 likes
Engaging Travelers Through Social Media Can Reap Umpteen Benefits for Hotels,https://rategain.com/blog/engaging-travelers-social-media-hotels-reap-benefits/,"June 19, 2017",4 likes
Approach For A Balanced Hotel Distribution Strategy - Learn Why Hotels Should Adopt It,https://rategain.com/blog/adopt-balanced-hotel-distribution-strategy/,"June 14, 2017",2 likes
9 Tips to Build a Hotel’s Facebook Strategy & Improve Guest Experience,https://rategain.com/blog/improve-guest-experience-build-hotel-facebook-strategy-social-media/,"June 6, 2017",3 likes
Top Trends: Millennial Travelers & the Hospitality Sector,https://rategain.com/blog/millennial-travelers-trends-hospitality-sector/,"May 30, 2017",3 likes
Evolving Role Of Hotel Revenue Manager - Part 4,https://rategain.com/blog/evolving-hotel-revenue-manager-use-big-data/,"May 26, 2017",2 likes
The Evolving Role of Revenue Managers - Part 3,https://rategain.com/blog/evolving-role-revenue-managers-hotel-comp-set/,"May 24, 2017",3 likes
Good translation key to staying in global marketplace,https://rategain.com/blog/evolving-role-revenue-managers-hotel-comp-set/,"May 24, 2017",3 likes
The Evolving Role Of Hotel Revenue Managers – Part 2,https://rategain.com/blog/evolving-role-hotel-revenue-managers-part2/,"May 17, 2017",3 likes
How Your Hotel distribution & Online Reputation Strategy is key to RevPAR Management,https://rategain.com/blog/revpar-management-hotel-distribution-reputation-strategy/,"May 15, 2017",3 likes
The Evolving Role of Hotel Revenue Managers - Part 1,https://rategain.com/blog/evolving-role-hotel-revenue-managers-part1/,"May 10, 2017",3 likes
5 Effective Ways Hotels Could Conduct Guest Surveys and Loyalty Programs,https://rategain.com/blog/effective-hotels-guest-surveys-loyalty-programs/,"May 2, 2017",3 likes
"Hoteliers, Are Vacation Rentals Eating Your Lunch?",https://rategain.com/blog/vacation-rentals-eating-hotel-revenue/,"April 26, 2017",3 likes
Abbreviations are not a content strategy,https://rategain.com/blog/vacation-rentals-eating-hotel-revenue/,"April 24, 2017",3 likes
The Future of Hotel Revenue Management – BOTs or Humans?,https://rategain.com/blog/future-hotel-revenue-management-bots-humans/,"April 18, 2017",3 likes
"Hoteliers, Learn How to Overcome the Challenges in Online Reputation Management",https://rategain.com/blog/overcome-shortcomings-challenges-in-online-reputation-management/,"April 14, 2017",3 likes
Managing Seasonal Market Changes to Ensure your Hotel Stays on Top - Part 4,https://rategain.com/blog/managing-seasonal-market-changes-hotel-stays-top-part4/,"April 13, 2017",4 likes
Managing Seasonal Market Changes to Ensure your Hotel Stays on Top - Part 3,https://rategain.com/blog/seasonal-market-changes-hotels-attract-guests/,"April 11, 2017",3 likes
Managing Seasonal Market Changes to Ensure your Hotel Stays on Top - Part 2,https://rategain.com/blog/managing-seasonal-market-changes-hotel-stays-top-part-2/,"April 7, 2017",4 likes
Solving the hospitality industry’s ‘content conundrum’,https://rategain.com/blog/managing-seasonal-market-changes-hotel-stays-top-part-2/,"April 3, 2017",2 likes
Managing Seasonal Market Changes to Ensure your Hotel Stays on Top - Part 1,https://rategain.com/blog/managing-seasonal-market-changes-hotel-stays-top/,"April 3, 2017",3 likes
"Hoteliers, Beat the Competition and Be The Market Leaders By Adopting Automation",https://rategain.com/blog/revenue-managers-embrace-automation-market-leaders/,"March 27, 2017",2 likes
How Can Hotels Use Google to Maximise their Online Presence?,https://rategain.com/blog/how-hotels-use-google-maximise-online-presence/,"March 17, 2017",2 likes
Revenue Management & Marketing Automation can Help Independent Hotels Stay Ahead,https://rategain.com/blog/revenue-management-marketing-automation-for-independent-hotels/,"March 14, 2017",4 likes
Big Data Challenge,,"March 8, 2017",4 likes
"Hoteliers, Design Your Revenue Management Strategy in Pre-Opening Stage",https://rategain.com/blog/hotel-revenue-management-strategy-pre-opening/,"March 2, 2017",4 likes
"Hoteliers, Keep a Track of Events and Holidays To Increase your Revenue Many Folds",https://rategain.com/blog/track-events-and-holidays-increase-hotel-revenue/,"February 20, 2017",3 likes
3 Effective Hotel Pricing Strategy Can Boost Your Hotel Revenue,https://rategain.com/blog/effective-hotel-pricing-strategy-to-boost-revenue/,"February 13, 2017",5 likes
How to Manage Hotel's Online Reviews & Guest Experience,https://rategain.com/blog/how-to-manage-hotel-online-reviews/,"February 2, 2017",3 likes
Why Should Hotels Pay Special Attention to Demand Forecasting?,https://rategain.com/blog/why-should-hotels-pay-special-attention-to-demand-forecasting/,"January 25, 2017",3 likes
"The Brilliant Hotelier: Face to face with Deanna Jayasundera from Theme Resorts and Spas, Sri Lanka",https://rategain.com/blog/why-should-hotels-pay-special-attention-to-demand-forecasting/,"January 16, 2017",3 likes
RateGain’s Top 12 Blogs of 2016,https://rategain.com/blog/rategains-top-12-blogs-of-2016/,"January 3, 2017",4 likes
Managing Real-Time Room Inventories Across Multiple OTAs,https://rategain.com/blog/managing-real-time-room-inventories-across-multiple-otas/,"December 27, 2016",2 likes
"The Brilliant Hotelier: Face 2 Face with Ria Roberto, the Director of Revenue Management at Kenz Hotel Management, UAE",https://rategain.com/blog/the-brilliant-hotelier-face-2-face-with-ria-roberto-the-director-of-revenue-management-at-kenz-hotel-management-abu/,"December 19, 2016",2 likes
Be the Revenue Management Hero of your Hotel,https://rategain.com/blog/be-the-revenue-management-hero-of-your-hotel/,"November 28, 2016",4 likes
"Hotels, Let’s Go Direct!",https://rategain.com/blog/be-the-revenue-management-hero-of-your-hotel/,"November 23, 2016",4 likes
Tips to Build Customer Loyalty for Your Restaurant,https://rategain.com/blog/tips-to-build-customer-loyalty-for-your-restaurant/,"November 21, 2016",4 likes
"Systems Reliability, A Necessity for Hotel Operations: Part 2",https://rategain.com/blog/systems-reliability-a-necessity-for-hotel-operations-part-2/,"November 18, 2016",4 likes
Is Your Hotel United by Goals but Divided by Systems?,https://rategain.com/blog/is-your-hotel-united-by-goals-but-divided-by-systems/,"November 16, 2016",4 likes
"The Brilliant Hotelier: Face 2 Face with I Nyoman Astama, General Manager of the Bali Niksoma Boutique Beach Resort",https://rategain.com/blog/the-brilliant-hotelier-face-2-face-with-i-nyoman-astama-general-manager-of-the-bali-niksoma-boutique-beach-resort/,"November 15, 2016",4 likes
"Systems Reliability, A Necessity for Hotel Operations: Part 1",https://rategain.com/blog/systems-reliability-a-necessity-for-hotel-operations-part-1/,"November 11, 2016",3 likes
Is your Hotel Website Ready for Google's Latest Mobile Updates,https://rategain.com/blog/is-your-hotel-website-ready-for-googles-latest-mobile-updates/,"November 8, 2016",3 likes
Optimize Your Hotel’s SEO and Mobile Strategy,https://rategain.com/blog/optimize-your-hotels-seo-and-mobile-strategy/,"November 3, 2016",4 likes
"The Brilliant Hotelier: Face 2 Face with Stavros Drakou, Director at Cyprotels Hotels and Resorts, Cyprus",https://rategain.com/blog/the-brilliant-hotelier-face-2-face-with-stavros-drakou-director-at-cyprotels-hotels-and-resorts-cyprus/,"November 2, 2016",1 like
What’s spookier than Halloween for Hoteliers?,https://rategain.com/blog/whats-spookier-than-halloween-for-hoteliers/,"October 26, 2016",2 likes
Tapping the phenomenal potential of the Asia Pacific region,https://rategain.com/blog/whats-spookier-than-halloween-for-hoteliers/,"October 10, 2016",2 likes
"The Brilliant Hotelier: Face 2 Face with Trisna Widia, Marketing & E-Commerce Manager, Prime Plaza Hotels and Resorts, Indonesia",https://rategain.com/blog/the-brilliant-hotelier-face-2-face-with-trisna-widia-marketing-e-commerce-manager-prime-plaza-hotels-and-resorts-indonesia/,"October 6, 2016",2 likes
How to Increase Hotel Direct Bookings? Don’t Ignore the Role of a Booking Engine,https://rategain.com/blog/how-to-increase-hotel-direct-bookings-dont-ignore-the-role-of-a-booking-engine/,"September 26, 2016",2 likes
Weary of Disruption? 5 Simple Steps to Disrupt the Disruptions in the Rapidly Changing Hospitality Industry,https://rategain.com/blog/weary-of-disruption-5-simple-steps-to-disrupt-the-disruptions-in-the-rapidly-changing-hospitality-industry/,"September 21, 2016",2 likes
Disruption in the Hotel Industry and Changing Face of the Global Travel Market,https://rategain.com/blog/disruption-in-the-hotel-industry-and-changing-face-of-the-global-travel-market/,"September 16, 2016",2 likes
"The Brilliant Hotelier: Tête-à-Tête with Richard Lewis, the CEO of Landmark Hotels, Dubai",https://rategain.com/blog/the-brilliant-hotelier-tete-a-tete-with-richard-lewis-the-ceo-of-landmark-hotels-dubai/,"September 15, 2016",3 likes
The fast-changing world of hospitality distribution,,"September 12, 2016",3 likes
"Hotels, Are You Prepared for Digital Detox Travelers?",https://rategain.com/blog/hotels-are-you-prepared-for-digital-detox-travelers/,"September 6, 2016",4 likes
"The Brilliant Hotelier: Face 2 Face with the Revenue Director at J5 Rimal Hotel Apartments, Dubai",https://rategain.com/blog/the-brilliant-hotelier-face-2-face-with-the-revenue-director-at-j5-rimal-hotel-apartments-dubai/,"September 2, 2016",4 likes
How Hotels of Tomorrow are Improving Guest Experience with Technology?,https://rategain.com/blog/how-hotels-of-tomorrow-are-improving-guest-experience-with-technology/,"September 1, 2016",4 likes
Sharing economy and alternative lodging offer great opportunities,https://rategain.com/blog/how-hotels-of-tomorrow-are-improving-guest-experience-with-technology/,"August 29, 2016",4 likes
How can Hotels Generate More Revenue from Customer Loyalty - Part II,https://rategain.com/blog/how-can-hotels-generate-more-revenue-from-customer-loyalty-part-ii/,"August 25, 2016",3 likes
How can Hotels Generate More Revenue from Customer Loyalty - Part I,https://rategain.com/blog/how-can-hotels-generate-more-revenue-from-customer-loyalty-part-i/,"August 19, 2016",3 likes
Travel agents: a re-emerging force in hospitality distribution,https://rategain.com/blog/how-can-hotels-generate-more-revenue-from-customer-loyalty-part-i/,"August 15, 2016",3 likes
5 Things About Hotel Revenue Management Your Boss Wants to Know – Part II,https://rategain.com/blog/top-5-things-about-hotel-revenue-management-your-boss-wants-to-know/,"July 28, 2016",2 likes
Pikachu Conjures his Pokemon Friends for Increasing Hotel Revenues,,"July 26, 2016",3 likes
The sensible economics of 'one to many',,"July 26, 2016",3 likes
5 Things About Hotel Revenue Management Your Boss Wants to Know - Part I,https://rategain.com/blog/5-things-about-hotel-revenue-management-your-boss-wants-to-know-part-i/,"July 22, 2016",3 likes
"Hotels, Improve your Online Distribution Strategy with Six Simple Tips",https://rategain.com/blog/hotels-improve-your-online-distribution-strategy-with-six-simple-tips/,"July 12, 2016",3 likes
How to Ensure the Demand Generated is Translated into Increased Revenues?,https://rategain.com/blog/how-to-ensure-the-demand-generated-is-translated-into-increased-revenues/,"July 11, 2016",3 likes
"Brexit: The Impact on Travel and Tourism Industry, Now and Later",https://rategain.com/blog/brexit-the-impact-on-travel-and-tourism-industry-now-and-later/,"June 27, 2016",3 likes
Create a new chapter in the relationship between Your Hotel & Guests with Chat Tools,https://rategain.com/blog/create-a-new-chapter-in-the-relationship-between-your-hotel-guests-with-chat-tools/,"June 21, 2016",3 likes
Effective Ways to Measure & Generate Demand – Part V,https://rategain.com/blog/create-a-new-chapter-in-the-relationship-between-your-hotel-guests-with-chat-tools/,"June 19, 2016",2 likes
Effective Ways to Measure & Generate Demand – Part IV,https://rategain.com/blog/effective-ways-to-measure-generate-demand-part-iv/,"June 17, 2016",2 likes
Effective Ways to Measure & Generate Demand - Part II,https://rategain.com/blog/effective-ways-to-measure-demand-part-ii/,"June 15, 2016",3 likes
Effective Ways to Measure & Generate Demand – Part III,https://rategain.com/blog/effective-ways-to-measure-generate-demand-part-iii/,"June 15, 2016",4 likes
Effective Ways to Measure and Generate Demand - Part I,https://rategain.com/blog/effective-ways-to-measure-and-generate-demand-part-i/,"May 17, 2016",4 likes
8 Top Tips to Choose the Right Hotel Channel Manager,https://rategain.com/blog/8-top-tips-to-choose-the-right-hotel-channel-manager/,"May 3, 2016",4 likes
Comparing and Contrasting Industry Problems with Revenue Optimisation,https://rategain.com/blog/comparing-and-contrasting-industry-problems-with-revenue-optimisation/,"April 27, 2016",4 likes
"Making Cents of RevGain: An Interview With the Revenue Manager at St. George Lycabettus Hotel, Greece",https://rategain.com/blog/comparing-and-contrasting-industry-problems-with-revenue-optimisation/,"April 20, 2016",5 likes
Tapping the potential of emerging markets,https://rategain.com/blog/comparing-and-contrasting-industry-problems-with-revenue-optimisation/,"April 19, 2016",4 likes
"Unity for Revenue Management: An Interview With the Revenue Analyst at The Manila Hotel, Philippines",https://rategain.com/blog/unity-for-revenue-management-an-interview-with-the-revenue-analyst-at-the-manila-hotel-philippines/,"April 14, 2016",5 likes
How to Choose the Right Rate Optimisation Tool for Your Hotel?,https://rategain.com/blog/how-to-choose-the-right-rate-optimisation-tool-for-your-hotel/,"April 6, 2016",5 likes
New partnerships underscore benefits of DHISCO’s ‘direct-to-many’ solutions,,"April 4, 2016",3 likes
Airbnb: An Alternate Lodging Threat to Hotels?,https://rategain.com/blog/airbnb-an-alternate-lodging-threat-to-hotels/,"March 21, 2016",4 likes
21 Points to Consider while Buying a Rate Shopping Tool for Your Hotel,https://rategain.com/blog/airbnb-an-alternate-lodging-threat-to-hotels/,"March 9, 2016",4 likes
Did You Know? It’s critical to Push Rates along with Occupancy,https://rategain.com/blog/critical-to-push-rates-along-with-occupancy/,"February 19, 2016",4 likes
Hotel Demand Forecasting: Top 3 Ways Hoteliers Can Leverage this Strategic Management Tool,https://rategain.com/blog/hotel-demand-forecasting-top-3-ways-hoteliers-can-leverage-this-strategic-management-tool/,"February 12, 2016",4 likes
7 Quick Tips For Your Hotel Pre-Opening In 2017,https://rategain.com/blog/7-quick-tips-for-your-hotel-pre-opening-in-2017/,"February 12, 2016",4 likes
Zika virus outbreak:  Is tourism industry in Central and South America on risk?,https://rategain.com/blog/zika-virus-outbreak-impact-on-tourism-in-central-and-south-america/,"February 8, 2016",4 likes
How to make 35% more revenue? Tap the power of Scientific Pricing,https://rategain.com/blog/zika-virus-outbreak-impact-on-tourism-in-central-and-south-america/,"January 27, 2016",3 likes
Want to Maximize Your Hotel Revenue? Get Your Room Forecast Accurate ASAP,https://rategain.com/blog/zika-virus-outbreak-impact-on-tourism-in-central-and-south-america/,"January 8, 2016",3 likes
9 Undeniable Advantages of Hotel Room Forecasting,https://rategain.com/blog/9-undeniable-advantages-of-hotel-room-forecasting/,"January 3, 2016",4 likes
Golden Rules to Make the Most of Your Hotel’s Facebook Page,https://rategain.com/blog/make-the-most-of-your-hotels-facebook-page/,"December 15, 2015",3 likes
DHISCO’s big data challenge,https://rategain.com/blog/make-the-most-of-your-hotels-facebook-page/,"December 10, 2015",2 likes
A Revenue Management mistake that you need to avoid today,https://rategain.com/blog/a-revenue-management-mistake-that-you-need-to-avoid-today/,"October 23, 2015",2 likes
The UK RevPAR Growth Story: Promises and Challenges,https://rategain.com/blog/the-uk-revpar-growth-story-promises-and-challenges/,"October 19, 2015",2 likes
August 2015: Parity Performance. Where Does Your City Stand? – Latin America,https://rategain.com/blog/the-uk-revpar-growth-story-promises-and-challenges/,"September 28, 2015",2 likes
Introducing BrandGain Restaurant Module,https://rategain.com/blog/the-uk-revpar-growth-story-promises-and-challenges/,"September 18, 2015",2 likes
"Q&A with new DHISCO CEO Toni Portmann, on taking Pegasus beyond the hotel switch",https://rategain.com/blog/the-uk-revpar-growth-story-promises-and-challenges/,"September 16, 2015",2 likes
Revenue optimisation love story: Grandhotel Zvon  achieves 34% growth in revenue with scientific pricing,https://rategain.com/blog/the-uk-revpar-growth-story-promises-and-challenges/,"September 16, 2015",2 likes
Scientific pricing is no longer the Lamborghini you can never have.,,"September 14, 2015",3 likes
"As other hotel distribution fees rise, DHISCO represents less than 1% of booking costs",,"August 5, 2015",2 likes
UNT Big Data Challenge,,"July 21, 2015",3 likes
How to improve your hotel's online reputation using a 100 year old mathematics principle,https://rategain.com/blog/how-to-improve-your-hotels-online-reputation-using-a-100-year-old-mathematical-principle/,"July 16, 2015",4 likes
Total Pricing,https://rategain.com/blog/how-to-improve-your-hotels-online-reputation-using-a-100-year-old-mathematical-principle/,"July 13, 2015",2 likes
Update from HEDNA Barcelona: Forecast is sunny,https://rategain.com/blog/how-to-improve-your-hotels-online-reputation-using-a-100-year-old-mathematical-principle/,"June 12, 2015",2 likes
RevPar Growth in Europe: The top three cities,https://rategain.com/blog/revpar-growth-in-europe-the-top-three-cities/,"June 4, 2015",2 likes
The news for the hotel industry just keeps getting better,https://rategain.com/blog/revpar-growth-in-europe-the-top-three-cities/,"May 19, 2015",2 likes
Three important elements your Revenue Management system is missing,https://rategain.com/blog/three-important-elements-your-revenue-management-system-is-missing/,"April 29, 2015",3 likes
5 ways to Maximize Hotel Revenues in the Era of Mobile Bookings,,"April 21, 2015",4 likes
Will airbnb disrupt the hotel business or just play on the sidelines?,,"April 14, 2015",4 likes
3 Questions RateGain will Answer for you at WTM Latin America,,"March 23, 2015",4 likes
5 Key Highlights of Super Successful RateGain’s Hotel Revenue Summit 2015 Jakarta,,"March 19, 2015",3 likes
Reviews and Ratings: A simple way to use them to support your transient pricing strategy,,"March 10, 2015",3 likes
ITB Berlin: 5 Steps to Making Your Visit a Success,,"February 25, 2015",3 likes
Accor Hotels Partners with RateGain for its Rate Shopping Solution Integration,,"February 23, 2015",2 likes
RateGain Bags Top Honour at The 2nd Inc. India Innovative100 Conference and Awards Gala,,"February 19, 2015",2 likes
3 Reasons to visit RateGain at ITB Berlin,,"February 12, 2015",1 like
